,Dovesky,jackson,Satoshi,Han
0,"[-2.798111915588379, 'Polish']","[-2.79148530960083, 'Italian']","[-2.741997718811035, 'Italian']","[-2.8171393871307373, 'Italian']"
1,"[-2.8045365810394287, 'Italian']","[-2.8329741954803467, 'Greek']","[-2.7727298736572266, 'Greek']","[-2.855935573577881, 'Irish']"
2,"[-2.8265011310577393, 'Greek']","[-2.844292163848877, 'Portuguese']","[-2.8045401573181152, 'Polish']","[-2.858306407928467, 'Arabic']"
