,Dovesky,jackson,Satoshi,Han
0,"[-2.0374915599823, 'Russian']","[-2.072282075881958, 'Russian']","[-2.2804644107818604, 'Italian']","[-1.679110050201416, 'Chinese']"
1,"[-2.3539512157440186, 'Dutch']","[-2.287729501724243, 'Dutch']","[-2.3469419479370117, 'Polish']","[-1.822862148284912, 'Vietnamese']"
2,"[-2.4275903701782227, 'Polish']","[-2.494166374206543, 'Scottish']","[-2.356764554977417, 'Japanese']","[-2.089308977127075, 'Korean']"
